﻿designator,quantity,value,pack,mpn,mount_type
"C1, C3, C4",3,100n,R_0603_1608Metric,,smt
C2,1,10u,R_0805_2012Metric,,smt
D1,1,0603/LED,R_0603_1608Metric,,smt
D2,1,white/0603,LED_0603_1608Metric,,smt
IC1,1,TMC2300,QFN20_3x3_TRI,,smt
J1,1,Conn_01x04_Pin,PinHeader_1x04_P1.27mm_Vertical,,tht
"J2, J3",2,Conn_01x08_Pin,PinHeader_1x08_P2.54mm_Vertical,,tht
"JP1, JP2, JP3",3,SolderJumper_3_Open,SolderJumper-3_P1.3mm_Open_Pad1.0x1.5mm_NumberLabels,,tht
"R1, R2, R3, R4, R5, R6, R7, R8, R9",9,100k,R_0603_1608Metric,,smt
R10,1,220,R_0603_1608Metric,,smt
"R11, R12",2,220,R_1206_3216Metric,,smt
"TP1, TP4, TP5, TP6, TP7",5,TestPoint,TestPoint_Pad_D1.0mm,,tht
