﻿pos_x,pos_y,rotation,side,designator,mpn,pack,value,mount_type,place
-5.925,1.5,0.0,top,C1,,R_0603_1608Metric,100n,smt,True
3.0,5.75,0.0,top,C2,,R_0805_2012Metric,10u,smt,True
2.8,4.0,0.0,top,C3,,R_0603_1608Metric,100n,smt,True
-2.775,-0.45,-90.0,top,C4,,R_0603_1608Metric,100n,smt,True
-5.925,-0.5,0.0,top,D1,,R_0603_1608Metric,0603/LED,smt,True
-5.9625,-2.5,0.0,top,D2,,LED_0603_1608Metric,white/0603,smt,True
-3.1449,5.012259,-90.0,top,IC1,,QFN20_3x3_TRI,TMC2300,smt,True
7.2025,6.947258,0.0,top,J1,,PinHeader_1x04_P1.27mm_Vertical,Conn_01x04_Pin,tht,True
4.7775,14.737258,-90.0,top,J2,,PinHeader_1x08_P2.54mm_Vertical,Conn_01x08_Pin,tht,True
4.6825,-7.262742,-90.0,top,J3,,PinHeader_1x08_P2.54mm_Vertical,Conn_01x08_Pin,tht,True
3.3,-1.7,0.0,top,JP1,,SolderJumper-3_P1.3mm_Open_Pad1.0x1.5mm_NumberLabels,SolderJumper_3_Open,tht,True
-13.6,9.6,-90.0,top,JP2,,SolderJumper-3_P1.3mm_Open_Pad1.0x1.5mm_NumberLabels,SolderJumper_3_Open,tht,True
-13.6,4.6,-90.0,top,JP3,,SolderJumper-3_P1.3mm_Open_Pad1.0x1.5mm_NumberLabels,SolderJumper_3_Open,tht,True
4.4,-4.2,0.0,top,R1,,R_0603_1608Metric,100k,smt,True
-9.3,-2.5,180.0,top,R10,,R_0603_1608Metric,220,smt,True
-0.5,9.7,90.0,top,R11,,R_1206_3216Metric,220,smt,True
-0.5,0.4,-90.0,top,R12,,R_1206_3216Metric,220,smt,True
-9.4,1.5,0.0,top,R2,,R_0603_1608Metric,100k,smt,True
-11.3,10.5,-90.0,top,R3,,R_0603_1608Metric,100k,smt,True
-9.4,-0.5,0.0,top,R4,,R_0603_1608Metric,100k,smt,True
0.5,-4.1,0.0,top,R5,,R_0603_1608Metric,100k,smt,True
-3.0,10.475,90.0,top,R6,,R_0603_1608Metric,100k,smt,True
-5.2,10.475,90.0,top,R7,,R_0603_1608Metric,100k,smt,True
-9.2,10.5,-90.0,top,R8,,R_0603_1608Metric,100k,smt,True
-7.2,10.5,-90.0,top,R9,,R_0603_1608Metric,100k,smt,True
-10.5,-4.3,0.0,top,TP1,,TestPoint_Pad_D1.0mm,TestPoint,tht,True
3.7,8.9,0.0,top,TP4,,TestPoint_Pad_D1.0mm,TestPoint,tht,True
6.4,9.3,0.0,top,TP5,,TestPoint_Pad_D1.0mm,TestPoint,tht,True
4.4,0.7,0.0,top,TP6,,TestPoint_Pad_D1.0mm,TestPoint,tht,True
6.6,0.7,0.0,top,TP7,,TestPoint_Pad_D1.0mm,TestPoint,tht,True
